<?xml version="1.0" encoding="UTF-8"?>
<rss version="2.0" xmlns:atom="http://www.w3.org/2005/Atom">
  <channel>
    <title>/home/ttrmw</title>
    <atom:link href="http://example.com/feed.xml" rel="self" type="application/rss+xml"/>
    <link>http://example.com/</link>
    <description>blog@ttrmw:~</description>
    <pubDate>Mon, 16 Feb 2015 20:57:05 +0000</pubDate>
    
      <item>
        <title>Building i3 gaps on Ubuntu</title>
        <link>http://example.com/2015/02/07/i3_gaps_ubuntu.html</link>
        <guid isPermaLink="true">http://example.com/2015/02/07/i3_gaps_ubuntu.html</guid>
        <description>&lt;p&gt;I’ve been using the &lt;a href=&quot;http://i3wm.org/&quot;&gt;i3&lt;/a&gt; window manager for a month or so now, and so far I’ve found it a great productivity boon. i3 is a tiling WM which provides a slick keyboard-driven workflow and heaps of configurability.&lt;/p&gt;

&lt;p&gt;This post will help you build the i3-gaps variant from source, which adds this ability to create gaps between windows.&lt;/p&gt;

&lt;p&gt;Out of the box, i3 doesn’t provide a means to ‘pad’ its containers with gaps as is present in, for example, &lt;a href=&quot;https://github.com/baskerville/bspwm&quot;&gt;bspwm&lt;/a&gt;, but this is made available by the unofficial o4dev mirror.&lt;/p&gt;

&lt;p&gt;&lt;img src=&quot;/img/i3_gaps.png&quot; alt=&quot;i3 - with gaps!&quot; /&gt;&lt;/p&gt;

&lt;p&gt;I am personally a big fan of having a small delimiting space between my windows, and do not find the ‘wasted’ space to be a significant loss on modern, high resolution displays.&lt;/p&gt;

&lt;p&gt;The &lt;a href=&quot;https://github.com/o4dev/i3&quot;&gt;o4dev gaps branch&lt;/a&gt; of i3 provides a simple configuration option for gaps in i3. Sadly, unlike vanilla i3, there is no package in the Ubuntu sources for i3-gaps.&lt;/p&gt;

&lt;h3 id=&quot;building-i3-gaps-in-ubuntu&quot;&gt;Building i3-gaps in Ubuntu&lt;/h3&gt;
&lt;p&gt;In order to build i3-gaps in Ubuntu, first clone the &lt;a href=&quot;https://github.com/o4dev/i3&quot;&gt;repository&lt;/a&gt;. It is a good idea to clone this into /usr/local/src.&lt;/p&gt;

&lt;p&gt;At this point you can run:&lt;/p&gt;

&lt;div class=&quot;highlight&quot;&gt;&lt;pre&gt;&lt;code class=&quot;language-sh&quot; data-lang=&quot;sh&quot;&gt;&lt;span class=&quot;nv&quot;&gt;$ &lt;/span&gt;make &lt;span class=&quot;o&quot;&gt;&amp;amp;&amp;amp;&lt;/span&gt; sudo make install&lt;/code&gt;&lt;/pre&gt;&lt;/div&gt;

&lt;p&gt;make will attempt to build i3, and if it is successful make install will install it.&lt;/p&gt;

&lt;p&gt;At this point it is likely you will be greeted with an error highlighting a missing header (whatever.h) file that i3 depends on. On my system there were several such files missing, and the next section details how to go about getting them.&lt;/p&gt;

&lt;h3 id=&quot;dependencies&quot;&gt;Dependencies&lt;/h3&gt;

&lt;p&gt;Sometimes when building from source, the application will depend on libraries that may not be present on the target system.&lt;/p&gt;

&lt;p&gt;The easiest way to find these files is using apt-file, a utility in the APT family that allows you to search packages for files, and list package contents without downloading them.&lt;/p&gt;

&lt;div class=&quot;highlight&quot;&gt;&lt;pre&gt;&lt;code class=&quot;language-sh&quot; data-lang=&quot;sh&quot;&gt;&lt;span class=&quot;nv&quot;&gt;$ &lt;/span&gt;sudo apt-get install apt-file&lt;/code&gt;&lt;/pre&gt;&lt;/div&gt;

&lt;p&gt;apt-file requires that its database be populated before any searching can take place:&lt;/p&gt;

&lt;div class=&quot;highlight&quot;&gt;&lt;pre&gt;&lt;code class=&quot;language-sh&quot; data-lang=&quot;sh&quot;&gt;&lt;span class=&quot;nv&quot;&gt;$ &lt;/span&gt;apt-file update&lt;/code&gt;&lt;/pre&gt;&lt;/div&gt;

&lt;p&gt;apt-file is now ready for searching. On my system, xcb/xcb.h was the first missing header file:&lt;/p&gt;

&lt;div class=&quot;highlight&quot;&gt;&lt;pre&gt;&lt;code class=&quot;language-sh&quot; data-lang=&quot;sh&quot;&gt;&lt;span class=&quot;nv&quot;&gt;$ &lt;/span&gt;apt-file search xcb.h
libcairo2-dev: /usr/include/cairo/cairo-xcb.h
libx11-xcb-dev: /usr/include/X11/Xlib-xcb.h
libxcb1-dev: /usr/include/xcb/xcb.h&lt;/code&gt;&lt;/pre&gt;&lt;/div&gt;

&lt;p&gt;The last result - libxcb1-dev - has the required xcb/xcb.h file, and is logically named libxcb1-dev, implying that it is likely an xcb centric library.&lt;/p&gt;

&lt;p&gt;Libraries are no different from other packages, as you may guess from their presence in the apt sources - accordingly, we can simply use:&lt;/p&gt;

&lt;div class=&quot;highlight&quot;&gt;&lt;pre&gt;&lt;code class=&quot;language-sh&quot; data-lang=&quot;sh&quot;&gt;&lt;span class=&quot;nv&quot;&gt;$ &lt;/span&gt;sudo apt-get install libxcb1-dev&lt;/code&gt;&lt;/pre&gt;&lt;/div&gt;

&lt;p&gt;to grab the library. Next, we will want to rerun the make command, and rinse-repeat the above process for each missing dependency.&lt;/p&gt;

&lt;h3 id=&quot;dependencies-on-ubuntu-1404lts-1410&quot;&gt;Dependencies on Ubuntu 14.04LTS, 14.10&lt;/h3&gt;

&lt;p&gt;If you’d rather not go through the make, apt-file search, apt-get install process for each dependency, the table below details the packages I needed to successfully build i3-gaps.&lt;/p&gt;

&lt;table&gt;
  &lt;thead&gt;
    &lt;tr&gt;
      &lt;th&gt;Header&lt;/th&gt;
      &lt;th&gt;Package&lt;/th&gt;
    &lt;/tr&gt;
  &lt;/thead&gt;
  &lt;tbody&gt;
    &lt;tr&gt;
      &lt;td&gt;xcb.h&lt;/td&gt;
      &lt;td&gt;libxcb1-dev&lt;/td&gt;
    &lt;/tr&gt;
    &lt;tr&gt;
      &lt;td&gt;xcb_keysyms.h&lt;/td&gt;
      &lt;td&gt;libxcb-keysyms1-dev&lt;/td&gt;
    &lt;/tr&gt;
    &lt;tr&gt;
      &lt;td&gt;pango.h&lt;/td&gt;
      &lt;td&gt;libpango1.0-dev&lt;/td&gt;
    &lt;/tr&gt;
    &lt;tr&gt;
      &lt;td&gt;xcb_aux.h&lt;/td&gt;
      &lt;td&gt;libxcb-util0-dev&lt;/td&gt;
    &lt;/tr&gt;
    &lt;tr&gt;
      &lt;td&gt;xcb_icccm.h&lt;/td&gt;
      &lt;td&gt;libxcb-icccm4-dev&lt;/td&gt;
    &lt;/tr&gt;
    &lt;tr&gt;
      &lt;td&gt;yajl_gen.h&lt;/td&gt;
      &lt;td&gt;libyajl-dev&lt;/td&gt;
    &lt;/tr&gt;
    &lt;tr&gt;
      &lt;td&gt;sn-launcher.h&lt;/td&gt;
      &lt;td&gt;libstartup-notification0-dev&lt;/td&gt;
    &lt;/tr&gt;
    &lt;tr&gt;
      &lt;td&gt;randr.h&lt;/td&gt;
      &lt;td&gt;libxcb-randr0-dev&lt;/td&gt;
    &lt;/tr&gt;
    &lt;tr&gt;
      &lt;td&gt;ev.h&lt;/td&gt;
      &lt;td&gt;libev-dev&lt;/td&gt;
    &lt;/tr&gt;
    &lt;tr&gt;
      &lt;td&gt;xcb_cursor.h&lt;/td&gt;
      &lt;td&gt;libxcb-cursor-dev&lt;/td&gt;
    &lt;/tr&gt;
    &lt;tr&gt;
      &lt;td&gt;xinerama.h&lt;/td&gt;
      &lt;td&gt;libxcb-xinerama0-dev&lt;/td&gt;
    &lt;/tr&gt;
  &lt;/tbody&gt;
&lt;/table&gt;

&lt;div class=&quot;highlight&quot;&gt;&lt;pre&gt;&lt;code class=&quot;language-sh&quot; data-lang=&quot;sh&quot;&gt;&lt;span class=&quot;nv&quot;&gt;$ &lt;/span&gt;sudo apt-get install libxcb1-dev libxcb-keysyms1-dev libpango1.0-dev libxcb-util0-dev libxcb-icccm4-dev libyajl-dev libstartup-notification0-dev libxcb-randr0-dev libev-dev libxcb-cursor-dev libxcb-xinerama0-dev&lt;/code&gt;&lt;/pre&gt;&lt;/div&gt;

&lt;p&gt;With all these installed, i3-gaps will now build and install successfully. For a nice minimal gap, add the following to your .i3/config file:&lt;/p&gt;

&lt;div class=&quot;highlight&quot;&gt;&lt;pre&gt;&lt;code class=&quot;language-sh&quot; data-lang=&quot;sh&quot;&gt;gap_size 10&lt;/code&gt;&lt;/pre&gt;&lt;/div&gt;

&lt;p&gt;One caveat - to enable this option you must disable title bars, as this causes them to glitch out pretty badly. This is easy, though:&lt;/p&gt;

&lt;div class=&quot;highlight&quot;&gt;&lt;pre&gt;&lt;code class=&quot;language-sh&quot; data-lang=&quot;sh&quot;&gt;new_window 1pixel&lt;/code&gt;&lt;/pre&gt;&lt;/div&gt;

</description>
        <pubDate>Sat, 07 Feb 2015 00:00:00 +0000</pubDate>
      </item>
    
  </channel>
</rss>
