<?xml version="1.0" encoding="UTF-8"?>
<rss version="2.0" xmlns:atom="http://www.w3.org/2005/Atom">
  <channel>
    <title>/home/ttrmw</title>
    <atom:link href="http://example.com/feed.xml" rel="self" type="application/rss+xml"/>
    <link>http://example.com/</link>
    <description>blog@ttrmw:~</description>
    <pubDate>Sun, 01 Mar 2015 23:21:58 +0000</pubDate>
    
      <item>
        <title>i3 Airblader Fork, building &amp; config</title>
        <link>http://example.com/linux/i3_airblader.html</link>
        <guid isPermaLink="true">http://example.com/linux/i3_airblader.html</guid>
        <description>&lt;p&gt;The &lt;a href=&quot;https://github.com/Airblader/i3&quot;&gt;Airblader Fork&lt;/a&gt; of i3 provides more flexibility for gap configuration, eg separate inner and outer gap sizes.&lt;/p&gt;

&lt;p&gt;You can use the same process as detailed &lt;a href=&quot;http://ttrmw.co.uk/linux/i3_gaps_ubuntu.html&quot;&gt;here&lt;/a&gt; to build the Airblader Fork on Ubuntu.&lt;/p&gt;

&lt;p&gt;I needed a couple of extra dependencies to get up and running:&lt;/p&gt;

&lt;div class=&quot;highlight&quot;&gt;&lt;pre&gt;&lt;code class=&quot;language-sh&quot; data-lang=&quot;sh&quot;&gt;sudo apt-get install libxcb-xkb-dev libxkbcommon-dev libxkbcommon-x11-dev&lt;/code&gt;&lt;/pre&gt;&lt;/div&gt;

&lt;p&gt;After running:&lt;/p&gt;

&lt;div class=&quot;highlight&quot;&gt;&lt;pre&gt;&lt;code class=&quot;language-sh&quot; data-lang=&quot;sh&quot;&gt;sudo make &lt;span class=&quot;o&quot;&gt;&amp;amp;&amp;amp;&lt;/span&gt; sudo make install&lt;/code&gt;&lt;/pre&gt;&lt;/div&gt;

&lt;p&gt;and hitting shift+$mod+r, I instantly found my old i3-gaps config was incompatible.&lt;/p&gt;

&lt;p&gt;The i3 gaps config item:&lt;/p&gt;

&lt;div class=&quot;highlight&quot;&gt;&lt;pre&gt;&lt;code class=&quot;language-sh&quot; data-lang=&quot;sh&quot;&gt;gap_size 10&lt;/code&gt;&lt;/pre&gt;&lt;/div&gt;

&lt;p&gt;is not valid in the Airblader fork. Instead, try:&lt;/p&gt;

&lt;div class=&quot;highlight&quot;&gt;&lt;pre&gt;&lt;code class=&quot;language-sh&quot; data-lang=&quot;sh&quot;&gt;gaps inner 10
gaps outer 10&lt;/code&gt;&lt;/pre&gt;&lt;/div&gt;

&lt;p&gt;For the same effect. I found I quite like a larger outer gap, however, eg:&lt;/p&gt;

&lt;p&gt;&lt;img src=&quot;/img/airblader.png&quot; alt=&quot;i3 - with moar gaps!&quot; /&gt;&lt;/p&gt;

&lt;p&gt;In addition to the static gap functionality available in the o4dev gaps branch, Airblader is able to do some clever modifications to its gaps in situ.&lt;/p&gt;

&lt;p&gt;It accepts commands in the format:&lt;/p&gt;

&lt;div class=&quot;highlight&quot;&gt;&lt;pre&gt;&lt;code class=&quot;language-sh&quot; data-lang=&quot;sh&quot;&gt;gaps inner&lt;span class=&quot;p&quot;&gt;|&lt;/span&gt;outer current&lt;span class=&quot;p&quot;&gt;|&lt;/span&gt;all &lt;span class=&quot;nb&quot;&gt;set&lt;/span&gt;&lt;span class=&quot;p&quot;&gt;|&lt;/span&gt;plus&lt;span class=&quot;p&quot;&gt;|&lt;/span&gt;minus &amp;lt;pixels&amp;gt;&lt;/code&gt;&lt;/pre&gt;&lt;/div&gt;

&lt;p&gt;(current/all referring to workspaces)&lt;/p&gt;

&lt;p&gt;or, for workspace specific instruction:&lt;/p&gt;

&lt;div class=&quot;highlight&quot;&gt;&lt;pre&gt;&lt;code class=&quot;language-sh&quot; data-lang=&quot;sh&quot;&gt;workspace &amp;lt;identifier&amp;gt; gaps inner&lt;span class=&quot;p&quot;&gt;|&lt;/span&gt;outer &amp;lt;pixels&amp;gt;&lt;/code&gt;&lt;/pre&gt;&lt;/div&gt;

&lt;p&gt;Naturally, these can be added to your i3 config to really dial in your gap setup. But they can also be used to interesting on-the-fly effect!&lt;/p&gt;

&lt;p&gt;Try this in a terminal:&lt;/p&gt;

&lt;div class=&quot;highlight&quot;&gt;&lt;pre&gt;&lt;code class=&quot;language-sh&quot; data-lang=&quot;sh&quot;&gt;&lt;span class=&quot;nv&quot;&gt;$ &lt;/span&gt;i3-msg gaps outer current plus 100&lt;/code&gt;&lt;/pre&gt;&lt;/div&gt;

&lt;p&gt;Alright, not a particularly useful example, but you can see how you might be able to build clever keybound gap instructions, if this fits your use case.&lt;/p&gt;

&lt;p&gt;By the by, i3-msg allows you to interact with i3 from a terminal, eg:&lt;/p&gt;

&lt;div class=&quot;highlight&quot;&gt;&lt;pre&gt;&lt;code class=&quot;language-sh&quot; data-lang=&quot;sh&quot;&gt;&lt;span class=&quot;nv&quot;&gt;$ &lt;/span&gt;i3-msg &lt;span class=&quot;nb&quot;&gt;exit&lt;/span&gt;&lt;/code&gt;&lt;/pre&gt;&lt;/div&gt;

&lt;p&gt;exits i3 and returns to light-dm (or equivalent).&lt;/p&gt;

&lt;p&gt;The Airblader Fork adds a couple of other neat features including some additional configuration options for i3bar items. Check it out &lt;a href=&quot;https://github.com/Airblader/i3&quot;&gt;here!&lt;/a&gt;&lt;/p&gt;
</description>
        <pubDate>Sun, 01 Mar 2015 00:00:00 +0000</pubDate>
      </item>
    
      <item>
        <title>Brightness control in i3 with intel backlight &amp; keybinding</title>
        <link>http://example.com/linux/hardware_button_brightness.html</link>
        <guid isPermaLink="true">http://example.com/linux/hardware_button_brightness.html</guid>
        <description>&lt;p&gt;This post details scripting brightness in Linux and keybinding the scripts in i3.&lt;/p&gt;

&lt;p&gt;In i3 in Ubuntu, I found my laptop’s Fn-combinations for screen brightness control were non functional out of the box.&lt;/p&gt;

&lt;h3 id=&quot;scripting-screen-brightness-in-linux&quot;&gt;Scripting Screen Brightness in Linux&lt;/h3&gt;
&lt;p&gt;The backlight is exposed to the user through /sys/class/backlight, which will contain a directory named for the graphics card’s vendor, in my case this was intel_backlight.&lt;/p&gt;

&lt;p&gt;Whichever vendor the card is, the directory will contain:&lt;/p&gt;

&lt;div class=&quot;highlight&quot;&gt;&lt;pre&gt;&lt;code class=&quot;language-sh&quot; data-lang=&quot;sh&quot;&gt;&lt;span class=&quot;nv&quot;&gt;$ &lt;/span&gt;ls /sys/class/backlight/intel_backlight
actual_brightness  brightness  max_brightness  subsystem  uevent&lt;/code&gt;&lt;/pre&gt;&lt;/div&gt;

&lt;p&gt;The two interesting files here are brightness and max_brightness. Reading the latter will provide a maximum value for the former, writing to which will effect a change in screen brightness.&lt;/p&gt;

&lt;p&gt;intel_brightness on my system had a very high max brightness:&lt;/p&gt;

&lt;div class=&quot;highlight&quot;&gt;&lt;pre&gt;&lt;code class=&quot;language-sh&quot; data-lang=&quot;sh&quot;&gt;../intel_brightness&lt;span class=&quot;nv&quot;&gt;$ &lt;/span&gt;cat max_brightness
937&lt;/code&gt;&lt;/pre&gt;&lt;/div&gt;

&lt;p&gt;Which would allow quite a fine grained control. Other devices can be as low as 15.&lt;/p&gt;

&lt;p&gt;In any case, a method for controlling the screen brightness becomes self evident - we can just rewrite the value in this file, between a maximum of the value in ./max_brightness, and a minimum of zero.&lt;/p&gt;

&lt;div class=&quot;highlight&quot;&gt;&lt;pre&gt;&lt;code class=&quot;language-sh&quot; data-lang=&quot;sh&quot;&gt;&lt;span class=&quot;nv&quot;&gt;brightness&lt;/span&gt;&lt;span class=&quot;o&quot;&gt;=&lt;/span&gt;&lt;span class=&quot;k&quot;&gt;$(&lt;/span&gt;cat /sys/class/backlight/intel_backlight/brightness&lt;span class=&quot;k&quot;&gt;)&lt;/span&gt;

&lt;span class=&quot;k&quot;&gt;if&lt;/span&gt; &lt;span class=&quot;o&quot;&gt;((&lt;/span&gt;&lt;span class=&quot;nv&quot;&gt;$brightness&lt;/span&gt; &amp;gt; 0&lt;span class=&quot;o&quot;&gt;))&lt;/span&gt;&lt;span class=&quot;p&quot;&gt;;&lt;/span&gt; &lt;span class=&quot;k&quot;&gt;then&lt;/span&gt;
  &lt;span class=&quot;nb&quot;&gt;let &lt;/span&gt;&lt;span class=&quot;nv&quot;&gt;brightness&lt;/span&gt;&lt;span class=&quot;o&quot;&gt;=&lt;/span&gt;&lt;span class=&quot;nv&quot;&gt;$brightness&lt;/span&gt;-100
  &lt;span class=&quot;nb&quot;&gt;echo&lt;/span&gt; &lt;span class=&quot;s2&quot;&gt;&amp;quot;echo $brightness &amp;gt; /sys/class/backlight/intel_backlight/brightness&amp;quot;&lt;/span&gt; &lt;span class=&quot;p&quot;&gt;|&lt;/span&gt; sudo zsh &lt;span class=&quot;c&quot;&gt;#or bash&lt;/span&gt;
&lt;span class=&quot;k&quot;&gt;fi&lt;/span&gt;&lt;/code&gt;&lt;/pre&gt;&lt;/div&gt;

&lt;p&gt;The script grabs the value from the brightness file, and if it greater than 0, subtracts 100 from it, echoing the result back into the brightness file.&lt;/p&gt;

&lt;p&gt;The echo line is a little weird here:&lt;/p&gt;

&lt;div class=&quot;highlight&quot;&gt;&lt;pre&gt;&lt;code class=&quot;language-sh&quot; data-lang=&quot;sh&quot;&gt;&lt;span class=&quot;nb&quot;&gt;echo&lt;/span&gt; &lt;span class=&quot;s2&quot;&gt;&amp;quot;echo $brightness &amp;gt; /sys/class/backlight/intel_backlight/brightness&amp;quot;&lt;/span&gt; &lt;span class=&quot;p&quot;&gt;|&lt;/span&gt; sudo zsh &lt;span class=&quot;c&quot;&gt;#or bash&lt;/span&gt;&lt;/code&gt;&lt;/pre&gt;&lt;/div&gt;

&lt;p&gt;The brightness file is owned by root, so we need to escalate the echo privileges&lt;/p&gt;

&lt;p&gt;In the obvious case one might try sudo echo. However, the shell that redirects its output into the brightness file runs without escalated privileges. Therefore, we instead pipe the output of the first echo (“echo $brightness &amp;gt;….”) into a shell running with escalated privileges.&lt;/p&gt;

&lt;p&gt;This script’s counterpart increases the brightness:&lt;/p&gt;

&lt;div class=&quot;highlight&quot;&gt;&lt;pre&gt;&lt;code class=&quot;language-sh&quot; data-lang=&quot;sh&quot;&gt;&lt;span class=&quot;nv&quot;&gt;max_brightness&lt;/span&gt;&lt;span class=&quot;o&quot;&gt;=&lt;/span&gt;&lt;span class=&quot;k&quot;&gt;$(&lt;/span&gt;cat /sys/class/backlight/intel_backlight/max_brightness&lt;span class=&quot;k&quot;&gt;)&lt;/span&gt;
&lt;span class=&quot;nv&quot;&gt;brightness&lt;/span&gt;&lt;span class=&quot;o&quot;&gt;=&lt;/span&gt;&lt;span class=&quot;k&quot;&gt;$(&lt;/span&gt;cat /sys/class/backlight/intel_backlight/brightness&lt;span class=&quot;k&quot;&gt;)&lt;/span&gt;

&lt;span class=&quot;k&quot;&gt;if&lt;/span&gt; &lt;span class=&quot;o&quot;&gt;((&lt;/span&gt;&lt;span class=&quot;nv&quot;&gt;$brightness&lt;/span&gt; &amp;lt; &lt;span class=&quot;nv&quot;&gt;$max_brightness&lt;/span&gt;&lt;span class=&quot;o&quot;&gt;))&lt;/span&gt;&lt;span class=&quot;p&quot;&gt;;&lt;/span&gt; &lt;span class=&quot;k&quot;&gt;then&lt;/span&gt;
  &lt;span class=&quot;nb&quot;&gt;let &lt;/span&gt;&lt;span class=&quot;nv&quot;&gt;brightness&lt;/span&gt;&lt;span class=&quot;o&quot;&gt;=&lt;/span&gt;&lt;span class=&quot;nv&quot;&gt;$brightness&lt;/span&gt;+100
  &lt;span class=&quot;nb&quot;&gt;echo&lt;/span&gt; &lt;span class=&quot;s2&quot;&gt;&amp;quot;echo $brightness &amp;gt; /sys/class/backlight/intel_backlight/brightness&amp;quot;&lt;/span&gt; &lt;span class=&quot;p&quot;&gt;|&lt;/span&gt; sudo zsh &lt;span class=&quot;c&quot;&gt;#or bash&lt;/span&gt;
&lt;span class=&quot;k&quot;&gt;fi&lt;/span&gt;&lt;/code&gt;&lt;/pre&gt;&lt;/div&gt;

&lt;p&gt;Here we must read the contents of max_brightness to determine an upper limit. Otherwise this script is much the same.&lt;/p&gt;

&lt;p&gt;Great! So we can now save these somewhere, chmod +x them and test them out, eg:&lt;/p&gt;

&lt;div class=&quot;highlight&quot;&gt;&lt;pre&gt;&lt;code class=&quot;language-sh&quot; data-lang=&quot;sh&quot;&gt;~/scripts&lt;span class=&quot;nv&quot;&gt;$ &lt;/span&gt;chmod +x bright_down
~/scripts&lt;span class=&quot;nv&quot;&gt;$ &lt;/span&gt;./bright_down&lt;/code&gt;&lt;/pre&gt;&lt;/div&gt;

&lt;p&gt;You will of course notice a change in screen brightness!&lt;/p&gt;

&lt;h3 id=&quot;keybinding-scripts-in-i3&quot;&gt;Keybinding scripts in i3&lt;/h3&gt;

&lt;p&gt;First thing’s first, we’re going to need a practical way to run this script.&lt;/p&gt;

&lt;p&gt;The script requires elevated permissions to write to the brightness file, but this is impractical for our use case.&lt;/p&gt;

&lt;p&gt;We will need to add the script to the sudoers file, so that it can run with elevated permissions without prompting for the sudo password.&lt;/p&gt;

&lt;p&gt;The sudoers file contains rules for command permissions, and lives in /etc/sudoers.&lt;/p&gt;

&lt;p&gt;To edit the sudo file, it is important to use the visudo editor. This checks to make sure your sudoers file doesn’t end up with any malformed input.&lt;/p&gt;

&lt;div class=&quot;highlight&quot;&gt;&lt;pre&gt;&lt;code class=&quot;language-sh&quot; data-lang=&quot;sh&quot;&gt;&lt;span class=&quot;nv&quot;&gt;$ &lt;/span&gt;sudo visudo&lt;/code&gt;&lt;/pre&gt;&lt;/div&gt;

&lt;p&gt;and add:&lt;/p&gt;

&lt;div class=&quot;highlight&quot;&gt;&lt;pre&gt;&lt;code class=&quot;language-sh&quot; data-lang=&quot;sh&quot;&gt;your_user &lt;span class=&quot;nv&quot;&gt;your_machine&lt;/span&gt; &lt;span class=&quot;o&quot;&gt;=&lt;/span&gt; NOPASSWD: /path/to/script/bright_up
your_user &lt;span class=&quot;nv&quot;&gt;your_machine&lt;/span&gt; &lt;span class=&quot;o&quot;&gt;=&lt;/span&gt; NOPASSWD: /path/to/script/bright_down&lt;/code&gt;&lt;/pre&gt;&lt;/div&gt;

&lt;p&gt;Now the scripts can be run with elevated permissions without the need for a password.&lt;/p&gt;

&lt;p&gt;The next step is to bind it to a key combination or hardware button. This is easy! i3 makes configuring keybindings a breeze, such as:&lt;/p&gt;

&lt;div class=&quot;highlight&quot;&gt;&lt;pre&gt;&lt;code class=&quot;language-sh&quot; data-lang=&quot;sh&quot;&gt;bindsym Mod1+1 workspace 1&lt;/code&gt;&lt;/pre&gt;&lt;/div&gt;

&lt;p&gt;from the default i3 configuration.&lt;/p&gt;

&lt;p&gt;Here, the second parameter ‘Mod1+1’ is the key combination. We will need to find the keysym(s) for our intended keybinding, for which we can use XEV.&lt;/p&gt;

&lt;p&gt;XEV is an application for printing the contents of events from the X server. It will create a window, and print any events that happen to that window - this will allow us to view information about specific keypresses for example.&lt;/p&gt;

&lt;p&gt;Go ahead and fire up XEV:&lt;/p&gt;

&lt;div class=&quot;highlight&quot;&gt;&lt;pre&gt;&lt;code class=&quot;language-sh&quot; data-lang=&quot;sh&quot;&gt;&lt;span class=&quot;nv&quot;&gt;$ &lt;/span&gt;xev&lt;/code&gt;&lt;/pre&gt;&lt;/div&gt;

&lt;p&gt;You should see a white window, and switching focus to this should cause some output to appear in the originating terminal.&lt;/p&gt;

&lt;p&gt;&lt;img src=&quot;/img/xev.png&quot; alt=&quot;xev!&quot; /&gt;&lt;/p&gt;

&lt;p&gt;When focused on XEV, go ahead and fire the key combination you wish to bind to. In the originating terminal, you should see something like:&lt;/p&gt;

&lt;div class=&quot;highlight&quot;&gt;&lt;pre&gt;&lt;code class=&quot;language-sh&quot; data-lang=&quot;sh&quot;&gt;...
KeyPress event, serial 35, synthetic NO, window 0x3600001,
    root 0x9d, subw 0x0, &lt;span class=&quot;nb&quot;&gt;time &lt;/span&gt;31609664, &lt;span class=&quot;o&quot;&gt;(&lt;/span&gt;533,520&lt;span class=&quot;o&quot;&gt;)&lt;/span&gt;, root:&lt;span class=&quot;o&quot;&gt;(&lt;/span&gt;1345,532&lt;span class=&quot;o&quot;&gt;)&lt;/span&gt;,
    state 0x0, keycode &lt;span class=&quot;m&quot;&gt;232&lt;/span&gt; &lt;span class=&quot;o&quot;&gt;(&lt;/span&gt;keysym 0x1008ff03, XF86MonBrightnessDown&lt;span class=&quot;o&quot;&gt;)&lt;/span&gt;, same_screen YES,
    XLookupString gives &lt;span class=&quot;m&quot;&gt;0&lt;/span&gt; bytes:
    XmbLookupString gives &lt;span class=&quot;m&quot;&gt;0&lt;/span&gt; bytes:
    XFilterEvent returns: False

...&lt;/code&gt;&lt;/pre&gt;&lt;/div&gt;

&lt;p&gt;The keysym value can be used for keybindings in i3.&lt;/p&gt;

&lt;p&gt;In my case, the default Fn combination yielded the XF86MonBrightnessUp/Down keysyms, so I will use those.&lt;/p&gt;

&lt;p&gt;Finally, we just need to add the i3 config items:&lt;/p&gt;

&lt;div class=&quot;highlight&quot;&gt;&lt;pre&gt;&lt;code class=&quot;language-sh&quot; data-lang=&quot;sh&quot;&gt;bindsym XF86MonBrightnessDown &lt;span class=&quot;nb&quot;&gt;exec&lt;/span&gt; --no-startup-id sudo bright_down
bindsym XF86MonBrightnessUp &lt;span class=&quot;nb&quot;&gt;exec&lt;/span&gt; --no-startup-id sudo bright_up&lt;/code&gt;&lt;/pre&gt;&lt;/div&gt;

&lt;p&gt;exec tells i3 to execute a program, whilst –no-startup-id is a flag that prevents startup-notification support, which is ideal for our purpose as we are running a non-graphical program (the scripts).&lt;/p&gt;

&lt;h3 id=&quot;providing-feedback&quot;&gt;Providing feedback&lt;/h3&gt;

&lt;p&gt;It would be useful to provide some feedback as to the change in brightness. This could be done with i3bar - for example including the output of&lt;/p&gt;

&lt;div class=&quot;highlight&quot;&gt;&lt;pre&gt;&lt;code class=&quot;language-sh&quot; data-lang=&quot;sh&quot;&gt;cat /sys/class/backlight/intel_brightness/brightness&lt;/code&gt;&lt;/pre&gt;&lt;/div&gt;

&lt;p&gt;on the bar.&lt;/p&gt;

&lt;p&gt;Another possible solution is to use notify-send, which is present in Ubuntu. We can add:&lt;/p&gt;

&lt;div class=&quot;highlight&quot;&gt;&lt;pre&gt;&lt;code class=&quot;language-sh&quot; data-lang=&quot;sh&quot;&gt;notify-send Brightness &lt;span class=&quot;s2&quot;&gt;&amp;quot;${brightness}/${max_brightness}&amp;quot;&lt;/span&gt; -t 200&lt;/code&gt;&lt;/pre&gt;&lt;/div&gt;

&lt;p&gt;to the script directly after writing to the brightness file. This just outputs the current brightness out of the maximum brightness in a notification pop up with a short timeout.&lt;/p&gt;

&lt;p&gt;The first argument is the notification title, the second the message. The -t flag sets the timeout in milliseconds.&lt;/p&gt;
</description>
        <pubDate>Fri, 20 Feb 2015 00:00:00 +0000</pubDate>
      </item>
    
      <item>
        <title>Building i3 gaps on Ubuntu</title>
        <link>http://example.com/linux/i3_gaps_ubuntu.html</link>
        <guid isPermaLink="true">http://example.com/linux/i3_gaps_ubuntu.html</guid>
        <description>&lt;p&gt;I’ve been using the &lt;a href=&quot;http://i3wm.org/&quot;&gt;i3&lt;/a&gt; window manager for a month or so now, and so far I’ve found it a great productivity boon. i3 is a tiling WM which provides a slick keyboard-driven workflow and heaps of configurability.&lt;/p&gt;

&lt;p&gt;This post will help you build the i3-gaps variant from source, which adds this ability to create gaps between windows.&lt;/p&gt;

&lt;p&gt;Out of the box, i3 doesn’t provide a means to ‘pad’ its containers with gaps as is present in, for example, &lt;a href=&quot;https://github.com/baskerville/bspwm&quot;&gt;bspwm&lt;/a&gt;, but this is made available by the unofficial o4dev mirror.&lt;/p&gt;

&lt;p&gt;&lt;img src=&quot;/img/i3_gaps.png&quot; alt=&quot;i3 - with gaps!&quot; /&gt;&lt;/p&gt;

&lt;p&gt;I am personally a big fan of having a small delimiting space between my windows, and do not find the ‘wasted’ space to be a significant loss on modern, high resolution displays.&lt;/p&gt;

&lt;p&gt;The &lt;a href=&quot;https://github.com/o4dev/i3&quot;&gt;o4dev gaps branch&lt;/a&gt; of i3 provides a simple configuration option for gaps in i3. Sadly, unlike vanilla i3, there is no package in the Ubuntu sources for i3-gaps.&lt;/p&gt;

&lt;h3 id=&quot;building-i3-gaps-in-ubuntu&quot;&gt;Building i3-gaps in Ubuntu&lt;/h3&gt;
&lt;p&gt;In order to build i3-gaps in Ubuntu, first clone the &lt;a href=&quot;https://github.com/o4dev/i3&quot;&gt;repository&lt;/a&gt;. It is a good idea to clone this into /usr/local/src.&lt;/p&gt;

&lt;p&gt;At this point you can run:&lt;/p&gt;

&lt;div class=&quot;highlight&quot;&gt;&lt;pre&gt;&lt;code class=&quot;language-sh&quot; data-lang=&quot;sh&quot;&gt;&lt;span class=&quot;nv&quot;&gt;$ &lt;/span&gt;make &lt;span class=&quot;o&quot;&gt;&amp;amp;&amp;amp;&lt;/span&gt; sudo make install&lt;/code&gt;&lt;/pre&gt;&lt;/div&gt;

&lt;p&gt;make will attempt to build i3, and if it is successful make install will install it.&lt;/p&gt;

&lt;p&gt;At this point it is likely you will be greeted with an error highlighting a missing header (whatever.h) file that i3 depends on. On my system there were several such files missing, and the next section details how to go about getting them.&lt;/p&gt;

&lt;h3 id=&quot;dependencies&quot;&gt;Dependencies&lt;/h3&gt;

&lt;p&gt;Sometimes when building from source, the application will depend on libraries that may not be present on the target system.&lt;/p&gt;

&lt;p&gt;The easiest way to find these files is using apt-file, a utility in the APT family that allows you to search packages for files, and list package contents without downloading them.&lt;/p&gt;

&lt;div class=&quot;highlight&quot;&gt;&lt;pre&gt;&lt;code class=&quot;language-sh&quot; data-lang=&quot;sh&quot;&gt;&lt;span class=&quot;nv&quot;&gt;$ &lt;/span&gt;sudo apt-get install apt-file&lt;/code&gt;&lt;/pre&gt;&lt;/div&gt;

&lt;p&gt;apt-file requires that its database be populated before any searching can take place:&lt;/p&gt;

&lt;div class=&quot;highlight&quot;&gt;&lt;pre&gt;&lt;code class=&quot;language-sh&quot; data-lang=&quot;sh&quot;&gt;&lt;span class=&quot;nv&quot;&gt;$ &lt;/span&gt;apt-file update&lt;/code&gt;&lt;/pre&gt;&lt;/div&gt;

&lt;p&gt;apt-file is now ready for searching. On my system, xcb/xcb.h was the first missing header file:&lt;/p&gt;

&lt;div class=&quot;highlight&quot;&gt;&lt;pre&gt;&lt;code class=&quot;language-sh&quot; data-lang=&quot;sh&quot;&gt;&lt;span class=&quot;nv&quot;&gt;$ &lt;/span&gt;apt-file search xcb.h
libcairo2-dev: /usr/include/cairo/cairo-xcb.h
libx11-xcb-dev: /usr/include/X11/Xlib-xcb.h
libxcb1-dev: /usr/include/xcb/xcb.h&lt;/code&gt;&lt;/pre&gt;&lt;/div&gt;

&lt;p&gt;The last result - libxcb1-dev - has the required xcb/xcb.h file, and is logically named libxcb1-dev, implying that it is likely an xcb centric library.&lt;/p&gt;

&lt;p&gt;Libraries are no different from other packages, as you may guess from their presence in the apt sources - accordingly, we can simply use:&lt;/p&gt;

&lt;div class=&quot;highlight&quot;&gt;&lt;pre&gt;&lt;code class=&quot;language-sh&quot; data-lang=&quot;sh&quot;&gt;&lt;span class=&quot;nv&quot;&gt;$ &lt;/span&gt;sudo apt-get install libxcb1-dev&lt;/code&gt;&lt;/pre&gt;&lt;/div&gt;

&lt;p&gt;to grab the library. Next, we will want to rerun the make command, and rinse-repeat the above process for each missing dependency.&lt;/p&gt;

&lt;h3 id=&quot;dependencies-on-ubuntu-1404lts-1410&quot;&gt;Dependencies on Ubuntu 14.04LTS, 14.10&lt;/h3&gt;

&lt;p&gt;If you’d rather not go through the make, apt-file search, apt-get install process for each dependency, the table below details the packages I needed to successfully build i3-gaps.&lt;/p&gt;

&lt;table&gt;
  &lt;thead&gt;
    &lt;tr&gt;
      &lt;th&gt;Header&lt;/th&gt;
      &lt;th&gt;Package&lt;/th&gt;
    &lt;/tr&gt;
  &lt;/thead&gt;
  &lt;tbody&gt;
    &lt;tr&gt;
      &lt;td&gt;xcb.h&lt;/td&gt;
      &lt;td&gt;libxcb1-dev&lt;/td&gt;
    &lt;/tr&gt;
    &lt;tr&gt;
      &lt;td&gt;xcb_keysyms.h&lt;/td&gt;
      &lt;td&gt;libxcb-keysyms1-dev&lt;/td&gt;
    &lt;/tr&gt;
    &lt;tr&gt;
      &lt;td&gt;pango.h&lt;/td&gt;
      &lt;td&gt;libpango1.0-dev&lt;/td&gt;
    &lt;/tr&gt;
    &lt;tr&gt;
      &lt;td&gt;xcb_aux.h&lt;/td&gt;
      &lt;td&gt;libxcb-util0-dev&lt;/td&gt;
    &lt;/tr&gt;
    &lt;tr&gt;
      &lt;td&gt;xcb_icccm.h&lt;/td&gt;
      &lt;td&gt;libxcb-icccm4-dev&lt;/td&gt;
    &lt;/tr&gt;
    &lt;tr&gt;
      &lt;td&gt;yajl_gen.h&lt;/td&gt;
      &lt;td&gt;libyajl-dev&lt;/td&gt;
    &lt;/tr&gt;
    &lt;tr&gt;
      &lt;td&gt;sn-launcher.h&lt;/td&gt;
      &lt;td&gt;libstartup-notification0-dev&lt;/td&gt;
    &lt;/tr&gt;
    &lt;tr&gt;
      &lt;td&gt;randr.h&lt;/td&gt;
      &lt;td&gt;libxcb-randr0-dev&lt;/td&gt;
    &lt;/tr&gt;
    &lt;tr&gt;
      &lt;td&gt;ev.h&lt;/td&gt;
      &lt;td&gt;libev-dev&lt;/td&gt;
    &lt;/tr&gt;
    &lt;tr&gt;
      &lt;td&gt;xcb_cursor.h&lt;/td&gt;
      &lt;td&gt;libxcb-cursor-dev&lt;/td&gt;
    &lt;/tr&gt;
    &lt;tr&gt;
      &lt;td&gt;xinerama.h&lt;/td&gt;
      &lt;td&gt;libxcb-xinerama0-dev&lt;/td&gt;
    &lt;/tr&gt;
  &lt;/tbody&gt;
&lt;/table&gt;

&lt;div class=&quot;highlight&quot;&gt;&lt;pre&gt;&lt;code class=&quot;language-sh&quot; data-lang=&quot;sh&quot;&gt;&lt;span class=&quot;nv&quot;&gt;$ &lt;/span&gt;sudo apt-get install libxcb1-dev libxcb-keysyms1-dev libpango1.0-dev libxcb-util0-dev libxcb-icccm4-dev libyajl-dev libstartup-notification0-dev libxcb-randr0-dev libev-dev libxcb-cursor-dev libxcb-xinerama0-dev&lt;/code&gt;&lt;/pre&gt;&lt;/div&gt;

&lt;p&gt;With all these installed, i3-gaps will now build and install successfully. For a nice minimal gap, add the following to your .i3/config file:&lt;/p&gt;

&lt;div class=&quot;highlight&quot;&gt;&lt;pre&gt;&lt;code class=&quot;language-sh&quot; data-lang=&quot;sh&quot;&gt;gap_size 10&lt;/code&gt;&lt;/pre&gt;&lt;/div&gt;

&lt;p&gt;One caveat - to enable this option you must disable title bars, as this causes them to glitch out pretty badly. This is easy, though:&lt;/p&gt;

&lt;div class=&quot;highlight&quot;&gt;&lt;pre&gt;&lt;code class=&quot;language-sh&quot; data-lang=&quot;sh&quot;&gt;new_window 1pixel&lt;/code&gt;&lt;/pre&gt;&lt;/div&gt;

</description>
        <pubDate>Sat, 07 Feb 2015 00:00:00 +0000</pubDate>
      </item>
    
  </channel>
</rss>
